code,categoryId,sourceTitle,proposedEnglishTitle,slug,url,existingEnglishUrl,sourceLanguage,englishStatus,sourceWordCount,sourceTeaserWordCount,bodyPath,teaserPath,imagePath,imageBytes,bodySha256,tables,headingStylesPresent
A00,A,Médecine Holistique - Importance de la Nutrition,Holistic medicine and the role of nutrition,nutrition-key-health,/publications/nutrition-key-health/,True,fr,translation-and-review-required,2843,104,.playwright-mcp/publications-source/Publications family clinic/A Nutrition - Notions fondamentales/A00 Médecine Holistique - Importance de la Nutrition/A00 Médecine Holistique - Importance de la Nutrition-word.docx,.playwright-mcp/publications-source/Publications family clinic/A Nutrition - Notions fondamentales/A00 Médecine Holistique - Importance de la Nutrition/A00 Médecine Holistique - Importance de la Nutrition-vignette.docx,.playwright-mcp/publications-source/Publications family clinic/A Nutrition - Notions fondamentales/A00 Médecine Holistique - Importance de la Nutrition/A00 Médecine Holistique - Importance de la Nutrition-image.png,3742229,39e0cb04a1dfaabc6bcef7f1a55c7cb0a6355b2b16ecc4e1768ae64657a574d4,0,True
A01,A,L’alimentation hypotoxique - Un outil de santé au quotidien,Hypotoxic nutrition,hypotoxic-nutrition,/publications/hypotoxic-nutrition/,True,fr,translation-and-review-required,3191,81,.playwright-mcp/publications-source/Publications family clinic/A Nutrition - Notions fondamentales/A01 Alimentation hypotoxique principes/A01 Alimentation hypotoxique principes-word.docx,.playwright-mcp/publications-source/Publications family clinic/A Nutrition - Notions fondamentales/A01 Alimentation hypotoxique principes/A01 Alimentation hypotoxique principes-vignette.docx,.playwright-mcp/publications-source/Publications family clinic/A Nutrition - Notions fondamentales/A01 Alimentation hypotoxique principes/A01 Alimentation hypotoxique principes-image.png,4228696,4a16a73167a8c570b531bf5b14321e7f81c4142546096560f1af98f0d046027f,0,True
A02,A,Alimentation ancienne et alimentation moderne,Traditional and modern diets,nature-to-factory,/publications/nature-to-factory/,True,fr,translation-and-review-required,2616,74,.playwright-mcp/publications-source/Publications family clinic/A Nutrition - Notions fondamentales/A02 Alimentation ancienne et alimentation moderne/A02 Alimentation ancienne et alimentation moderne-word.docx,.playwright-mcp/publications-source/Publications family clinic/A Nutrition - Notions fondamentales/A02 Alimentation ancienne et alimentation moderne/A02 Alimentation ancienne et alimentation moderne-vignette.docx,.playwright-mcp/publications-source/Publications family clinic/A Nutrition - Notions fondamentales/A02 Alimentation ancienne et alimentation moderne/A02 Alimentation ancienne et alimentation moderne-image.png,3970078,161da51ef99effafdde271e0e3e653980cc627f686844dcacb520223a5eac84c,0,False
A03,A,"Régime hypotoxique : théorie, limites et réussites","The hypotoxic diet: theory, limits and results",the-hypotoxic-diet-theory-limits-and-results,/publications/the-hypotoxic-diet-theory-limits-and-results/,False,fr,translation-and-review-required,3108,91,".playwright-mcp/publications-source/Publications family clinic/A Nutrition - Notions fondamentales/A03 Régime hypotoxique théorie, limites et réussites/A03 Régime hypotoxique théorie, limites et réussites-word.docx",".playwright-mcp/publications-source/Publications family clinic/A Nutrition - Notions fondamentales/A03 Régime hypotoxique théorie, limites et réussites/A03 Régime hypotoxique théorie, limites et réussites-vignette.docx",".playwright-mcp/publications-source/Publications family clinic/A Nutrition - Notions fondamentales/A03 Régime hypotoxique théorie, limites et réussites/A03 Régime hypotoxique théorie, limites et réussites-image.png",3665018,e348fd89450a3086a6e7a7284b58b76a55a7446946f6ff3682858ba6b15598ff,0,True
A04,A,Les principes du régime hypotoxique,Principles of the hypotoxic diet,hypotoxic-diet-principles,/publications/hypotoxic-diet-principles/,True,fr,translation-and-review-required,6042,98,.playwright-mcp/publications-source/Publications family clinic/A Nutrition - Notions fondamentales/A04 Principes du régime alimentaire hypotoxique/A04 Principes du régime alimentaire hypotoxique-word.docx,.playwright-mcp/publications-source/Publications family clinic/A Nutrition - Notions fondamentales/A04 Principes du régime alimentaire hypotoxique/A04 Principes du régime alimentaire hypotoxique-vignette.docx,.playwright-mcp/publications-source/Publications family clinic/A Nutrition - Notions fondamentales/A04 Principes du régime alimentaire hypotoxique/A04 Principes du régime alimentaire hypotoxique-image.png,3631150,dfe47167f4e4c8edd0b51fade132bd69c025bdd3938f76f9eed768978bcfa6f5,0,True
A05,A,Régime hypotoxique : pratique et perspectives,Putting the hypotoxic diet into practice,putting-the-hypotoxic-diet-into-practice,/publications/putting-the-hypotoxic-diet-into-practice/,False,fr,translation-and-review-required,2324,77,.playwright-mcp/publications-source/Publications family clinic/A Nutrition - Notions fondamentales/A05 Régime hypotoxique-pratique et perspectives/A05 Régime hypotoxique-pratique et perspectives-word.docx,.playwright-mcp/publications-source/Publications family clinic/A Nutrition - Notions fondamentales/A05 Régime hypotoxique-pratique et perspectives/A05 Régime hypotoxique-pratique et perspectives-vignette.docx,.playwright-mcp/publications-source/Publications family clinic/A Nutrition - Notions fondamentales/A05 Régime hypotoxique-pratique et perspectives/A05 Régime hypotoxique-pratique et perspectives-image.png,4249077,471be2c39b5ec91dccae31668eb36f1b9a16092c32b96534bfd2ae71d32db3a1,0,True
A06,A,La génétique expliquée simplement,Genetics explained simply,genetics-explained-simply,/publications/genetics-explained-simply/,False,fr,translation-and-review-required,2297,88,.playwright-mcp/publications-source/Publications family clinic/A Nutrition - Notions fondamentales/A06 La génétique expliquée simplement/A06 La génétique expliquée simplement-word.docx,.playwright-mcp/publications-source/Publications family clinic/A Nutrition - Notions fondamentales/A06 La génétique expliquée simplement/A06 La génétique expliquée simplement-vignette.docx,.playwright-mcp/publications-source/Publications family clinic/A Nutrition - Notions fondamentales/A06 La génétique expliquée simplement/A06 La génétique expliquée simplement-image.png,4300173,85cf87a2c60e42193af557a028f49248651b6c132f13a527912f9238631b39dd,0,True
A07,A,Les Menaces Invisibles de notre Environnement,Environmental exposures and health,invisible-environmental-threats,/publications/invisible-environmental-threats/,True,fr,translation-and-review-required,3260,104,.playwright-mcp/publications-source/Publications family clinic/A Nutrition - Notions fondamentales/A07 Les Menaces Invisibles de l_environnement/A07 Les Menaces Invisibles de l_environnement-word.docx,.playwright-mcp/publications-source/Publications family clinic/A Nutrition - Notions fondamentales/A07 Les Menaces Invisibles de l_environnement/A07 Les Menaces Invisibles de l_environnement-vignette.docx,.playwright-mcp/publications-source/Publications family clinic/A Nutrition - Notions fondamentales/A07 Les Menaces Invisibles de l_environnement/A07 Les Menaces Invisibles de l_environnement-image.png,4480875,9199742f462a2f536b5fbb1ccfd028c489646ada5cf039156565d24c2e0adbce,0,False
A08,A,Inflammation chronique - Un feu intérieur à apaiser,Understanding chronic inflammation,chronic-inflammation,/publications/chronic-inflammation/,True,fr,translation-and-review-required,1769,93,.playwright-mcp/publications-source/Publications family clinic/A Nutrition - Notions fondamentales/A08 Inflammation chronique/A08 Inflammation chronique-word.docx,.playwright-mcp/publications-source/Publications family clinic/A Nutrition - Notions fondamentales/A08 Inflammation chronique/A08 Inflammation chronique-vignette.docx,.playwright-mcp/publications-source/Publications family clinic/A Nutrition - Notions fondamentales/A08 Inflammation chronique/A08 Inflammation chronique-image.png,4471480,539c9fe15858b6c34f4c2a85bdecb2292282a522fc80715bfdeac24323f7b82c,0,False
A09,A,Protocole Family Clinic,The Family Clinic protocol,the-family-clinic-protocol,/publications/the-family-clinic-protocol/,False,fr,translation-and-review-required,2593,77,.playwright-mcp/publications-source/Publications family clinic/A Nutrition - Notions fondamentales/A09 Protocole Family Clinic/A09 Protocole Family Clinic-word.docx,.playwright-mcp/publications-source/Publications family clinic/A Nutrition - Notions fondamentales/A09 Protocole Family Clinic/A09 Protocole Family Clinic-vignette.docx,.playwright-mcp/publications-source/Publications family clinic/A Nutrition - Notions fondamentales/A09 Protocole Family Clinic/A09 Protocole Family Clinic-image.png,4444014,469bd46c5e6d3e327c847205802c099540b2ee2e9fd623c40b3fd3bc73c6a9b2,0,True
A10,A,L’Intestin Grêle - Clé de la santé digestive,The small intestine and digestive health,the-small-intestine-and-digestive-health,/publications/the-small-intestine-and-digestive-health/,False,fr,translation-and-review-required,3901,64,.playwright-mcp/publications-source/Publications family clinic/A Nutrition - Notions fondamentales/A10 intestin grêle/A10 intestin grêle-word.docx,.playwright-mcp/publications-source/Publications family clinic/A Nutrition - Notions fondamentales/A10 intestin grêle/A10 intestin grêle-vignette.docx,.playwright-mcp/publications-source/Publications family clinic/A Nutrition - Notions fondamentales/A10 intestin grêle/A10 intestin grêle-image.png,3847985,1e6b443b18daf046a41879faa2d6c07b40313a4840a548b19d2a627ded7b935c,0,True
A11,A,Les Enzymes Clés de la vie et de la santé,Understanding enzymes,enzymes,/publications/enzymes/,True,fr,translation-and-review-required,2405,95,.playwright-mcp/publications-source/Publications family clinic/A Nutrition - Notions fondamentales/A11 Les Enzymes/A11 Les Enzymes-word.docx,.playwright-mcp/publications-source/Publications family clinic/A Nutrition - Notions fondamentales/A11 Les Enzymes/A11 Les Enzymes-vignette.docx,.playwright-mcp/publications-source/Publications family clinic/A Nutrition - Notions fondamentales/A11 Les Enzymes/A11 Les Enzymes-image.png,4577481,0b6715687424a7dafacd065ecca0b7765ad57d4b089e2f485320f56b911af9e6,0,False
A12,A,Infertilité - Apport de l’alimentation hypotoxique.,Infertility and nutrition,infertility-and-nutrition,/publications/infertility-and-nutrition/,False,fr,translation-and-review-required,1506,91,.playwright-mcp/publications-source/Publications family clinic/A Nutrition - Notions fondamentales/A12 Infertilité et alimentation moderne déséquilibrée/A12 Infertilité et alimentation moderne déséquilibrée-word.doc,.playwright-mcp/publications-source/Publications family clinic/A Nutrition - Notions fondamentales/A12 Infertilité et alimentation moderne déséquilibrée/A12 Infertilité et alimentation moderne déséquilibrée-vignette.doc,.playwright-mcp/publications-source/Publications family clinic/A Nutrition - Notions fondamentales/A12 Infertilité et alimentation moderne déséquilibrée/A12 Infertilité et alimentation moderne déséquilibrée-image.png,4410770,ed9a8670b231479874283bbdb6e9a462f83dc4f59f5a63d3dcc2d8648fb1b644,,False
A13,A,Grossesse - Un voyage sacré du désir d’enfant au post-partum,Nutrition through pregnancy and postpartum,pregnancy,/publications/pregnancy/,True,fr,translation-and-review-required,2978,59,.playwright-mcp/publications-source/Publications family clinic/A Nutrition - Notions fondamentales/A13 Grossesse et alimentation hypotoxique/A13 Grossesse et alimentation hypotoxique-word.docx,.playwright-mcp/publications-source/Publications family clinic/A Nutrition - Notions fondamentales/A13 Grossesse et alimentation hypotoxique/A13 Grossesse et alimentation hypotoxique-vignette.docx,.playwright-mcp/publications-source/Publications family clinic/A Nutrition - Notions fondamentales/A13 Grossesse et alimentation hypotoxique/A13 Grossesse et alimentation hypotoxique-image.jpg,254733,9beaf6a5042276374e619bd64c2dd33710148f565aa917dc2fa25779862b8711,0,False
A14,A,Alimentation Hypotoxique du Nourrisson (0–12 mois),Infant nutrition from birth to 12 months,infant-nutrition-from-birth-to-12-months,/publications/infant-nutrition-from-birth-to-12-months/,False,fr,translation-and-review-required,1137,72,.playwright-mcp/publications-source/Publications family clinic/A Nutrition - Notions fondamentales/A14 Nourrisson et Alimentation hypotoxique/A14 Nourrisson et Alimentation hypotoxique-word.docx,.playwright-mcp/publications-source/Publications family clinic/A Nutrition - Notions fondamentales/A14 Nourrisson et Alimentation hypotoxique/A14 Nourrisson et Alimentation hypotoxique-vignette.docx,.playwright-mcp/publications-source/Publications family clinic/A Nutrition - Notions fondamentales/A14 Nourrisson et Alimentation hypotoxique/A14 Nourrisson et Alimentation hypotoxique-image.png,4395768,b5dc608a3746f0ad4c2168b50868dcbe80f7fe00f9616be78c92493967a3fd3a,0,True
A15,A,Cholestérol et Médecine Holistique,Cholesterol and holistic medicine,cholesterol-and-holistic-medicine,/publications/cholesterol-and-holistic-medicine/,False,fr,translation-and-review-required,1720,114,.playwright-mcp/publications-source/Publications family clinic/A Nutrition - Notions fondamentales/A15 Cholestérol et médecine holistique/A15 Cholestérol et médecine holistique-word.docx,.playwright-mcp/publications-source/Publications family clinic/A Nutrition - Notions fondamentales/A15 Cholestérol et médecine holistique/A15 Cholestérol et médecine holistique-vignette.docx,.playwright-mcp/publications-source/Publications family clinic/A Nutrition - Notions fondamentales/A15 Cholestérol et médecine holistique/A15 Cholestérol et médecine holistique-image.png,4064395,154f8bb5ff2457cc28edf7aaa94442273d8fe7604920afa75e8ae5dfbe8748ef,0,False
B01,B,Immunité et Inflammation,Immunity and inflammation,immunity-and-inflammation,/publications/immunity-and-inflammation/,False,fr,translation-and-review-required,4846,77,.playwright-mcp/publications-source/Publications family clinic/B Maladies autoimmunes/B01 Immunité et inflammation/B01 Immunité et inflammation-word.docx,.playwright-mcp/publications-source/Publications family clinic/B Maladies autoimmunes/B01 Immunité et inflammation/B01 Immunité et inflammation-vignette.docx,.playwright-mcp/publications-source/Publications family clinic/B Maladies autoimmunes/B01 Immunité et inflammation/B01 Immunité et inflammation-image.png,4440005,becb0a22df0db8463e55f89a11a0699f39568d45033cbbdf79462426a81e1e08,1,True
B02,B,Basedow – Comprendre et agir.,Understanding Graves’ disease,basedow-disease,/publications/basedow-disease/,True,fr,translation-and-review-required,2477,74,.playwright-mcp/publications-source/Publications family clinic/B Maladies autoimmunes/B02 BASEDOW/B02 BASEDOW-word.docx,.playwright-mcp/publications-source/Publications family clinic/B Maladies autoimmunes/B02 BASEDOW/B02 BASEDOW-vignette.docx,.playwright-mcp/publications-source/Publications family clinic/B Maladies autoimmunes/B02 BASEDOW/B02 BASEDOW-image.png,4627231,dd03b1044c67c33b9652ca11fc6426c8a5df749b3a4bd17d0c9eb8b267699703,0,False
B03,B,Hashimoto : Transformer l’assiette en soin quotidien,Understanding Hashimoto’s thyroiditis,hashimoto-disease,/publications/hashimoto-disease/,True,fr,translation-and-review-required,1884,81,.playwright-mcp/publications-source/Publications family clinic/B Maladies autoimmunes/B03 Haschimoto/B03 Haschimoto-word.docx,.playwright-mcp/publications-source/Publications family clinic/B Maladies autoimmunes/B03 Haschimoto/B03 Haschimoto-vignette.docx,.playwright-mcp/publications-source/Publications family clinic/B Maladies autoimmunes/B03 Haschimoto/B03 Haschimoto-image.png,4368582,e2e7cf099a1bda8b247f9cf4db61a1015ae4bbebdf3b1db40b78a2222e6f10a4,0,False
B04,B,Foie et Immunité : Comprendre et Agir,The liver and immunity,liver-immunity,/publications/liver-immunity/,True,fr,translation-and-review-required,9801,93,.playwright-mcp/publications-source/Publications family clinic/B Maladies autoimmunes/B04 Foie et Immunité/B04 Foie et Immunité-word.docx,.playwright-mcp/publications-source/Publications family clinic/B Maladies autoimmunes/B04 Foie et Immunité/B04 Foie et Immunité-vignette.docx,.playwright-mcp/publications-source/Publications family clinic/B Maladies autoimmunes/B04 Foie et Immunité/B04 Foie et Immunité-image.png,4483686,907805259dd563f208b27cad457ce93f098bd77699bf6286f4d4d2f6a034446c,1,True
B05,B,La Spondylarthrite Ankylosante - Comprendre et agir,Understanding ankylosing spondylitis,understanding-ankylosing-spondylitis,/publications/understanding-ankylosing-spondylitis/,False,fr,translation-and-review-required,3200,96,.playwright-mcp/publications-source/Publications family clinic/B Maladies autoimmunes/B05 La Spondylarthrite ankylosante/B05 La Spondylarthrite ankylosante-word.docx,.playwright-mcp/publications-source/Publications family clinic/B Maladies autoimmunes/B05 La Spondylarthrite ankylosante/B05 La Spondylarthrite ankylosante-vignette.docx,.playwright-mcp/publications-source/Publications family clinic/B Maladies autoimmunes/B05 La Spondylarthrite ankylosante/B05 La Spondylarthrite ankylosante-image.png,4313853,cfe1a188e9ea866f29a6a18ce2a7d574fb2beaf74ddcd84aebb067ae5093502c,0,True
B06,B,"Polyarthrite Rhumatoïde : Comprendre, Prévenir, Soulager",Understanding rheumatoid arthritis,rheumatoid-arthritis,/publications/rheumatoid-arthritis/,True,fr,translation-and-review-required,3082,75,.playwright-mcp/publications-source/Publications family clinic/B Maladies autoimmunes/B06 Polyarthrite Rhumatoïde/B06 Polyarthrite Rhumatoïde-word.docx,.playwright-mcp/publications-source/Publications family clinic/B Maladies autoimmunes/B06 Polyarthrite Rhumatoïde/B06 Polyarthrite Rhumatoïde-vignette.docx,.playwright-mcp/publications-source/Publications family clinic/B Maladies autoimmunes/B06 Polyarthrite Rhumatoïde/B06 Polyarthrite Rhumatoïde-image.png,4471480,265490c956ae8c5f5030b532e14fc2f8db18d1a04256cf9e4b92d7b1d018d7d4,0,False
B07,B,Les rhumatismes inflammatoires,Inflammatory rheumatic conditions,inflammatory-rheumatic-conditions,/publications/inflammatory-rheumatic-conditions/,False,fr,translation-and-review-required,3286,94,.playwright-mcp/publications-source/Publications family clinic/B Maladies autoimmunes/B07 Rhumatismes Inflammatoires/B07 Rhumatismes Inflammatoires-word.docx,.playwright-mcp/publications-source/Publications family clinic/B Maladies autoimmunes/B07 Rhumatismes Inflammatoires/B07 Rhumatismes Inflammatoires-vignette.docx,.playwright-mcp/publications-source/Publications family clinic/B Maladies autoimmunes/B07 Rhumatismes Inflammatoires/B07 Rhumatismes Inflammatoires-image.png,4491566,996f358bd49bfa75c12ab3c8c380cbd23ec6382d08117897ad2db51896cbd01e,1,False
B08,B,Sarcoïdose-Voyage vers la sérénité,Understanding sarcoidosis,understanding-sarcoidosis,/publications/understanding-sarcoidosis/,False,fr,translation-and-review-required,3756,95,.playwright-mcp/publications-source/Publications family clinic/B Maladies autoimmunes/B08 Sarcoïdose/B08 Sarcoïdose-word.docx,.playwright-mcp/publications-source/Publications family clinic/B Maladies autoimmunes/B08 Sarcoïdose/B08 Sarcoïdose-vignette.docx,.playwright-mcp/publications-source/Publications family clinic/B Maladies autoimmunes/B08 Sarcoïdose/B08 Sarcoïdose-image.png,4454893,df3803cf802e203aa3980ef2202d4a72257a75b1eb4e25e4d6a1b080e7ee7ed0,0,True
B09,B,"La sclérose en plaques - Comprendre, agir, espérer.",Understanding multiple sclerosis,understanding-multiple-sclerosis,/publications/understanding-multiple-sclerosis/,False,fr,translation-and-review-required,3646,109,.playwright-mcp/publications-source/Publications family clinic/B Maladies autoimmunes/B09 Sclérose en Plaques/B09 Sclérose en Plaques-word.docx,.playwright-mcp/publications-source/Publications family clinic/B Maladies autoimmunes/B09 Sclérose en Plaques/B09 Sclérose en Plaques-vignette.docx,.playwright-mcp/publications-source/Publications family clinic/B Maladies autoimmunes/B09 Sclérose en Plaques/B09 Sclérose en Plaques-image.jpg,380472,e382ed2ab96eef62ee75b907e6bc742fc1f5d5f513a634a3636e989a174f947d,0,False
C00,C,La théorie de l’encrassage,The cellular accumulation theory,the-cellular-accumulation-theory,/publications/the-cellular-accumulation-theory/,False,fr,translation-and-review-required,2586,90,.playwright-mcp/publications-source/Publications family clinic/C Maladies par encrassage/C00 La théorie de l’encrassage/C00 La théorie de l’encrassage-word.docx,.playwright-mcp/publications-source/Publications family clinic/C Maladies par encrassage/C00 La théorie de l’encrassage/C00 La théorie de l’encrassage-vignette.docx,.playwright-mcp/publications-source/Publications family clinic/C Maladies par encrassage/C00 La théorie de l’encrassage/C00 La théorie de l’encrassage-image.png,4238155,932e1a784accfe9420cbc8727e857cb4d43c425c190c16fc24498e74a01dc7c7,0,False
C01,C,Arthrites : soulager et prévenir,Understanding inflammatory arthritis,understanding-inflammatory-arthritis,/publications/understanding-inflammatory-arthritis/,False,fr,translation-and-review-required,3071,89,.playwright-mcp/publications-source/Publications family clinic/C Maladies par encrassage/C01 Arthrites/C01 Arthrites.docx,.playwright-mcp/publications-source/Publications family clinic/C Maladies par encrassage/C01 Arthrites/C01 Arthrites-vignette.docx,.playwright-mcp/publications-source/Publications family clinic/C Maladies par encrassage/C01 Arthrites/C01 Arthrites-image.png,4509154,f268a7d7e4e77052bcf3084bea99c092a6281a98574cbc6e864ee70518e732a0,0,True
C02,C,Arthrose : comprendre pour agir,Understanding osteoarthritis,understanding-osteoarthritis,/publications/understanding-osteoarthritis/,False,fr,translation-and-review-required,3165,81,.playwright-mcp/publications-source/Publications family clinic/C Maladies par encrassage/C02 Arthrose/C02 Arthrose-word.docx,.playwright-mcp/publications-source/Publications family clinic/C Maladies par encrassage/C02 Arthrose/C02 Arthrose-vignette.docx,.playwright-mcp/publications-source/Publications family clinic/C Maladies par encrassage/C02 Arthrose/C02 Arthrose-image.png,4152230,a02dc14ad9aaf14556d032484ec11c8333e39757fce72133262ede7d8734af2e,0,True
C03,C,La goutte : comprendre pour agir,Understanding gout,understanding-gout,/publications/understanding-gout/,False,fr,translation-and-review-required,2411,105,.playwright-mcp/publications-source/Publications family clinic/C Maladies par encrassage/C03 La Goutte et la Pathologie/C03 La Goutte et la Pathologie d_encrassage-word.docx,.playwright-mcp/publications-source/Publications family clinic/C Maladies par encrassage/C03 La Goutte et la Pathologie/C03 La Goutte et la Pathologie d_encrassage-vignette.docx,.playwright-mcp/publications-source/Publications family clinic/C Maladies par encrassage/C03 La Goutte et la Pathologie/C03 La Goutte et la Pathologied_encrassage-image.png,4762783,bd9f6193c5541d97cc855cf5e26219d572dc00c224567eacbe93e61caa1b174d,0,False
C04,C,La Fibromyalgie et la Pathologie d’Encrassage,Fibromyalgia and the accumulation model,fibromyalgia-and-the-accumulation-model,/publications/fibromyalgia-and-the-accumulation-model/,False,fr,translation-and-review-required,1816,75,.playwright-mcp/publications-source/Publications family clinic/C Maladies par encrassage/C04 Fibromyalgie/C04 Fibromyalgie-word.docx,.playwright-mcp/publications-source/Publications family clinic/C Maladies par encrassage/C04 Fibromyalgie/C04 Fibromyalgie-vignette.docx,.playwright-mcp/publications-source/Publications family clinic/C Maladies par encrassage/C04 Fibromyalgie/C04 Fibromyalgie-image.png,4302488,facc102d916a4201f788ab0394e92c649b8768075b1275dfe5a191f3eb3bde28,0,True
C05,C,Les Tendinites et la Pathologie d’Encrassage,Tendinitis and the accumulation model,tendinitis-and-the-accumulation-model,/publications/tendinitis-and-the-accumulation-model/,False,fr,translation-and-review-required,2348,83,.playwright-mcp/publications-source/Publications family clinic/C Maladies par encrassage/C05 Les Tendinites et la Pathologie d_encrassage/C05 Les Tendinites et la Pathologie d_encrassage-word.docx,.playwright-mcp/publications-source/Publications family clinic/C Maladies par encrassage/C05 Les Tendinites et la Pathologie d_encrassage/C05 Les Tendinites et la Pathologie d_encrassage-vignette.docx,.playwright-mcp/publications-source/Publications family clinic/C Maladies par encrassage/C05 Les Tendinites et la Pathologie d_encrassage/C05 Les Tendinites et la Pathologie d_encrassage-image.png,4013485,75fe62a1f5998a6a412d839f695470bb2c1575c91cc9802486db64e58305da54,0,False
C06,C,Sportifs et pathologies de l’encrassage,Sports and the accumulation model,sports-and-the-accumulation-model,/publications/sports-and-the-accumulation-model/,False,fr,translation-and-review-required,2339,121,.playwright-mcp/publications-source/Publications family clinic/C Maladies par encrassage/C06 Les Sportifs/C06 Sportifs et pathologies de l_encrassage-word.docx,.playwright-mcp/publications-source/Publications family clinic/C Maladies par encrassage/C06 Les Sportifs/C06 Sportifs et pathologies de l_encrassage-vignette.docx,.playwright-mcp/publications-source/Publications family clinic/C Maladies par encrassage/C06 Les Sportifs/C06 Sportifs et pathologies de l_encrassage-image.png,4886077,30dc5812fd8bf2cb208e5b59d33fc5383a92c5268d3c1bef1e50cb098338c224,0,False
C07,C,Diabète sucré de type 2 et pathologie d’encrassage,Type 2 diabetes and the accumulation model,type-2-diabetes-and-the-accumulation-model,/publications/type-2-diabetes-and-the-accumulation-model/,False,fr,translation-and-review-required,2025,93,.playwright-mcp/publications-source/Publications family clinic/C Maladies par encrassage/C07 Diabète sucré de type 2/C07 Diabète sucré de type 2 et encrassage-word.docx,.playwright-mcp/publications-source/Publications family clinic/C Maladies par encrassage/C07 Diabète sucré de type 2/C07 Diabète sucré de type 2 et encrassage-vignette.docx,.playwright-mcp/publications-source/Publications family clinic/C Maladies par encrassage/C07 Diabète sucré de type 2/C07 Diabète sucré de type 2 et encrassage-image.png,4757124,119a75833196458334343233dfdae3b90b0f9845e7998c111bd0069d4535cf90,0,False
C08,C,Diabète & hyperinsulinisme - Conseils pratiques,Diabetes and hyperinsulinism,diabetes-hyperinsulinism,/publications/diabetes-hyperinsulinism/,True,fr,translation-and-review-required,2207,117,.playwright-mcp/publications-source/Publications family clinic/C Maladies par encrassage/C08 Diabete et hyperinsulinisme/C08 Diabete et hyperinsulinisme-word.doc,.playwright-mcp/publications-source/Publications family clinic/C Maladies par encrassage/C08 Diabete et hyperinsulinisme/C08 Diabete et hyperinsulinisme-vignette.doc,.playwright-mcp/publications-source/Publications family clinic/C Maladies par encrassage/C08 Diabete et hyperinsulinisme/C08 Diabete et hyperinsulinisme-image.jpg,445884,85b164272c31627025a7b55732c970c8a99470c817f7792cf8f834665b1c413c,,False
C09,C,Vitamine B1 & Inositol : alliés cachés contre le diabète,"Vitamin B1, inositol and diabetes",vitamin-b1-inositol-and-diabetes,/publications/vitamin-b1-inositol-and-diabetes/,False,fr,translation-and-review-required,2292,94,.playwright-mcp/publications-source/Publications family clinic/C Maladies par encrassage/C09 Diabète Vitamine B1 & Inositol/C09 Diabète Vitamine B1 & Inositol-word.docx,.playwright-mcp/publications-source/Publications family clinic/C Maladies par encrassage/C09 Diabète Vitamine B1 & Inositol/C09 Diabète Vitamine B1 & Inositol-vignette.docx,.playwright-mcp/publications-source/Publications family clinic/C Maladies par encrassage/C09 Diabète Vitamine B1 & Inositol/C09 Diabète Vitamine B1 & Inositol-image.png,4195664,f45b559e4f154109a86adbcb83354210602e3c29bf17be9761e0a333376bd850,3,True
C10,C,Cancers et encrassage cellulaire,Cancer and the cellular accumulation model,cancer-and-the-cellular-accumulation-model,/publications/cancer-and-the-cellular-accumulation-model/,False,fr,translation-and-review-required,2553,102,.playwright-mcp/publications-source/Publications family clinic/C Maladies par encrassage/C10 Cancers et encrassage cellulaire/C10 Cancers et encrassage cellulaire-word.docx,.playwright-mcp/publications-source/Publications family clinic/C Maladies par encrassage/C10 Cancers et encrassage cellulaire/C10 Cancers et encrassage cellulaire-vignette.docx,.playwright-mcp/publications-source/Publications family clinic/C Maladies par encrassage/C10 Cancers et encrassage cellulaire/C10 Cancers et encrassage cellulaire-image.png,4101576,f86b00409c770bef6d5077c332573769bcc9b4de5eb15b7edfaba6e86cbcc171,0,False
C11,C,Cancers - Comprendre et prévenir.,Understanding cancer and prevention,understanding-cancer-and-prevention,/publications/understanding-cancer-and-prevention/,False,fr,translation-and-review-required,3998,85,.playwright-mcp/publications-source/Publications family clinic/C Maladies par encrassage/C11 Cancers comprendre et prévenir/C11 Cancers comprendre et prévenir-word.docx,.playwright-mcp/publications-source/Publications family clinic/C Maladies par encrassage/C11 Cancers comprendre et prévenir/C11 Cancers comprendre et prévenir-vignette.docx,.playwright-mcp/publications-source/Publications family clinic/C Maladies par encrassage/C11 Cancers comprendre et prévenir/C11 Cancers comprendre et prévenir-image.png,4101576,647744a970096442e4fb679ecee1927601ce705c753559af8c11739e556dee40,0,True
C12,C,Dyspepsie – Comprendre et agir,Understanding dyspepsia,understanding-dyspepsia,/publications/understanding-dyspepsia/,False,fr,translation-and-review-required,2386,93,.playwright-mcp/publications-source/Publications family clinic/C Maladies par encrassage/C12 dyspepsie/C12 dyspepsie-word.docx,.playwright-mcp/publications-source/Publications family clinic/C Maladies par encrassage/C12 dyspepsie/C12 dyspepsie-vignette.docx,.playwright-mcp/publications-source/Publications family clinic/C Maladies par encrassage/C12 dyspepsie/C12 dyspepsie-image.png,3907710,160ce0e54324a64f4a244b9dc309d788189f80994beac3f26f116c2649be6f3a,0,False
C13,C,COLITE ET Maladies Inflammatoires Chroniques de l’Intestin (MICI),Colitis and inflammatory bowel disease,colitis-and-inflammatory-bowel-disease,/publications/colitis-and-inflammatory-bowel-disease/,False,fr,translation-and-review-required,2283,115,.playwright-mcp/publications-source/Publications family clinic/C Maladies par encrassage/C13 COLITE ET MICI/C13 COLITE ET MICI-word.docx,.playwright-mcp/publications-source/Publications family clinic/C Maladies par encrassage/C13 COLITE ET MICI/C13 COLITE ET MICI-vignette.docx,.playwright-mcp/publications-source/Publications family clinic/C Maladies par encrassage/C13 COLITE ET MICI/C13 COLITE ET MICI-image.png,4648311,06b1412699f492948725dd51367b404680c9d950c3342074eb9b402ac3c0d043,0,False
C14,C,"LITHIASE VÉSICULAIRE - Comprendre, prévenir et soulager par la nutrition hypotoxique",Understanding gallstones,understanding-gallstones,/publications/understanding-gallstones/,False,fr,translation-and-review-required,2634,120,.playwright-mcp/publications-source/Publications family clinic/C Maladies par encrassage/C14 Lithiase Vésiculaire/C14 LITHIASE VÉSICULAIRE-word.docx,.playwright-mcp/publications-source/Publications family clinic/C Maladies par encrassage/C14 Lithiase Vésiculaire/C14 LITHIASE VÉSICULAIRE-vignette.docx,.playwright-mcp/publications-source/Publications family clinic/C Maladies par encrassage/C14 Lithiase Vésiculaire/C14 LITHIASE VÉSICULAIRE-image.png,3994530,b3cf3894a072e4705d2328a24f8526561a76b11448ca3488eae89962f6792c0f,0,True
C15,C,Maladies autoimmunes et pathologies d’encrassage,Autoimmune conditions and the accumulation model,autoimmune-conditions-and-the-accumulation-model,/publications/autoimmune-conditions-and-the-accumulation-model/,False,fr,translation-and-review-required,2165,96,.playwright-mcp/publications-source/Publications family clinic/C Maladies par encrassage/C15 Maladies autoimmunes/C15 Maladies autoimmunes & pathologies de l_encrassage-word.docx,.playwright-mcp/publications-source/Publications family clinic/C Maladies par encrassage/C15 Maladies autoimmunes/C15 Maladies autoimmunes & pathologies de l_encrassage-vignette.docx,.playwright-mcp/publications-source/Publications family clinic/C Maladies par encrassage/C15 Maladies autoimmunes/C15 Maladies autoimmunes & pathologies de l_encrassage-image.png,4661385,d27eff7f41ad28b09b64c66072b5821cbf297705202552a27dbd13e65153a2a2,0,False
C16,C,Troubles neurologiques et comportementaux liés à l’inflammation chronique et à l’hyperinsulinisme,"Neurological conditions, inflammation and hyperinsulinism",neurological-conditions-inflammation-and-hyperinsulinism,/publications/neurological-conditions-inflammation-and-hyperinsulinism/,False,fr,translation-and-review-required,2651,84,.playwright-mcp/publications-source/Publications family clinic/C Maladies par encrassage/C16 Tr neurologiques/C16 Tr neurologiques-word.docx,.playwright-mcp/publications-source/Publications family clinic/C Maladies par encrassage/C16 Tr neurologiques/C16 Tr neurologiques-vignette.docx,.playwright-mcp/publications-source/Publications family clinic/C Maladies par encrassage/C16 Tr neurologiques/C16 Tr neurologiques-image.png,4619079,46c8a8b2488eb576d858e3f331debae79d6e8ff4f38d42070da6cc3ec2eb4fad,0,True
C17,C,Dépression nerveuse endogène et Encrassage.,Depression and the accumulation model,depression-and-the-accumulation-model,/publications/depression-and-the-accumulation-model/,False,fr,translation-and-review-required,2063,88,.playwright-mcp/publications-source/Publications family clinic/C Maladies par encrassage/C17 Dépression nerveuse endogène/C17 Dépression nerveuse endogène-word.docx,.playwright-mcp/publications-source/Publications family clinic/C Maladies par encrassage/C17 Dépression nerveuse endogène/C17 Dépression nerveuse endogène-vignette.docx,.playwright-mcp/publications-source/Publications family clinic/C Maladies par encrassage/C17 Dépression nerveuse endogène/C17 Dépression nerveuse endogène-image.png,4786200,78b391cdf700fd1e3b5ecf6018f50fde116e40f23a591cd39ca692bdcd9787ac,0,True
C18,C,Schizophrénie et Facteurs Alimentaires.,Schizophrenia and dietary factors,schizophrenia-and-dietary-factors,/publications/schizophrenia-and-dietary-factors/,False,fr,translation-and-review-required,2257,87,.playwright-mcp/publications-source/Publications family clinic/C Maladies par encrassage/C18 Schizophrénie et Facteurs Alimentaires/C18 Schizophrénie et Facteurs Alimentaires-word.docx,.playwright-mcp/publications-source/Publications family clinic/C Maladies par encrassage/C18 Schizophrénie et Facteurs Alimentaires/C18 Schizophrénie et Facteurs Alimentaires-vignette.docx,.playwright-mcp/publications-source/Publications family clinic/C Maladies par encrassage/C18 Schizophrénie et Facteurs Alimentaires/C18 Schizophrénie et Facteurs Alimentaires-image.png,4452122,a08fa78d37dad3e8d42e9ac3a07f01b46d754cbbdd1315a6291707cb4ff5075a,0,False
C19,C,Les Céphalées et l’Encrassage cérébral.,Headaches and the accumulation model,headaches-and-the-accumulation-model,/publications/headaches-and-the-accumulation-model/,False,fr,translation-and-review-required,2292,94,.playwright-mcp/publications-source/Publications family clinic/C Maladies par encrassage/C19 Les Céphalées/C19 Les Céphalées-word.docx,.playwright-mcp/publications-source/Publications family clinic/C Maladies par encrassage/C19 Les Céphalées/C19 Les Céphalées-vignette.docx,.playwright-mcp/publications-source/Publications family clinic/C Maladies par encrassage/C19 Les Céphalées/C19 Les Céphalées-image.png,4389037,e7962fe5686c7a82f5b4eeda25712518339cd9a3ac607a4d9d896e2867f6d089,0,False
C20,C,Hémopathies : comprendre le sang pour préserver la vie,Understanding blood disorders,understanding-blood-disorders,/publications/understanding-blood-disorders/,False,fr,translation-and-review-required,3004,92,.playwright-mcp/publications-source/Publications family clinic/C Maladies par encrassage/C20 Hémopathies/C20 Hémopathies-word.docx,.playwright-mcp/publications-source/Publications family clinic/C Maladies par encrassage/C20 Hémopathies/C20 Hémopathies-vignette.docx,.playwright-mcp/publications-source/Publications family clinic/C Maladies par encrassage/C20 Hémopathies/C20 Hémopathies-image.png,4607152,1fc6b23f2c5cbf3bd9c4056d50d7d1ac0a0a893933be3f2c1388cabd4eac5649,0,False
C21,C,Vieillissement et pathologies de l’encrassement,Ageing and the accumulation model,ageing-and-the-accumulation-model,/publications/ageing-and-the-accumulation-model/,False,fr,translation-and-review-required,2445,111,.playwright-mcp/publications-source/Publications family clinic/C Maladies par encrassage/C21 Vieillissement/C21 Vieillissement-word.docx,.playwright-mcp/publications-source/Publications family clinic/C Maladies par encrassage/C21 Vieillissement/C21 Vieillissement-vignette.docx,.playwright-mcp/publications-source/Publications family clinic/C Maladies par encrassage/C21 Vieillissement/C21 Vieillissement-image.png,4772951,46c673f7c243e3c433a146c86e9b8ac95c785321f9390507c89a8d0e4e9adf49,0,False
C22,C,Athérosclérose,Understanding atherosclerosis,understanding-atherosclerosis,/publications/understanding-atherosclerosis/,False,fr,translation-and-review-required,2051,99,.playwright-mcp/publications-source/Publications family clinic/C Maladies par encrassage/C22 Athérosclérose/C22 Athérosclérose-word.docx,.playwright-mcp/publications-source/Publications family clinic/C Maladies par encrassage/C22 Athérosclérose/C22 Athérosclérose-vignette.docx,.playwright-mcp/publications-source/Publications family clinic/C Maladies par encrassage/C22 Athérosclérose/C22 Athérosclérose-image.png,4659264,639a9fcfcd96cf5cfea81a74b42edbe8c91ddef6e2e9f3fe8cd2ac7a1e74340f,0,True
C23,C,Autisme et Nutrition Hypotoxique.,Autism and hypotoxic nutrition,autism-and-hypotoxic-nutrition,/publications/autism-and-hypotoxic-nutrition/,False,fr,translation-and-review-required,2068,100,.playwright-mcp/publications-source/Publications family clinic/C Maladies par encrassage/C23 Autisme et Nutrition Hypotoxique/C23 Autisme et Nutrition Hypotoxique-word.docx,.playwright-mcp/publications-source/Publications family clinic/C Maladies par encrassage/C23 Autisme et Nutrition Hypotoxique/C23 Autisme et Nutrition Hypotoxique-vignette.docx,.playwright-mcp/publications-source/Publications family clinic/C Maladies par encrassage/C23 Autisme et Nutrition Hypotoxique/C23 Autisme et Nutrition Hypotoxique-image.png,4467872,2553ae39b618e25e626954b638f4ec7e08e65d6305262a76fc1d4173e457f632,0,False
C24,C,Autres maladies métaboliques et pathologie d’encrassage,Other metabolic conditions,other-metabolic-conditions,/publications/other-metabolic-conditions/,False,fr,translation-and-review-required,1847,88,.playwright-mcp/publications-source/Publications family clinic/C Maladies par encrassage/C24 Autres maladies métaboliques/C24 Autres maladies métaboliques-word.docx,.playwright-mcp/publications-source/Publications family clinic/C Maladies par encrassage/C24 Autres maladies métaboliques/C24 Autres maladies métaboliques-vignette.docx,.playwright-mcp/publications-source/Publications family clinic/C Maladies par encrassage/C24 Autres maladies métaboliques/C24 Autres maladies métaboliques-image.png,4658129,6987dc9ae0eb2d7f360499e6dc10ab490212f054d2328f1f23355ed796f2820a,0,False
D01,D,La théorie de l’élimination,The elimination theory,the-elimination-theory,/publications/the-elimination-theory/,False,fr,translation-and-review-required,3369,88,.playwright-mcp/publications-source/Publications family clinic/D Maladies par troubles de l_élimination/D01 La théorie de l_élimination/D01 La théorie de l_élimination-word.docx,.playwright-mcp/publications-source/Publications family clinic/D Maladies par troubles de l_élimination/D01 La théorie de l_élimination/D01 La théorie de l_élimination-vignette.docx,.playwright-mcp/publications-source/Publications family clinic/D Maladies par troubles de l_élimination/D01 La théorie de l_élimination/D01 La théorie de l_élimination-image.png,4935052,88d5a359ccd115fbdf98dcdea41eba888f06c05c4fe37d28d8aafed50654c94c,0,False
D02,D,Pathologies digestives et théorie de l’élimination,Digestive conditions and the elimination model,digestive-conditions-and-the-elimination-model,/publications/digestive-conditions-and-the-elimination-model/,False,fr,translation-and-review-required,2610,88,.playwright-mcp/publications-source/Publications family clinic/D Maladies par troubles de l_élimination/D02 Pathologies digestives/D02 Pathologies digestives-word.docx,.playwright-mcp/publications-source/Publications family clinic/D Maladies par troubles de l_élimination/D02 Pathologies digestives/D02 Pathologies digestives-vignette.docx,.playwright-mcp/publications-source/Publications family clinic/D Maladies par troubles de l_élimination/D02 Pathologies digestives/D02 Pathologies digestives-image.png,4186422,e232902bf08b865bd8144b98899e8b15478d6ee2809e0abd52bf77ccdac839cd,0,False
D03,D,Les bronches et les pathologies d’élimination,Respiratory conditions and the elimination model,respiratory-conditions-and-the-elimination-model,/publications/respiratory-conditions-and-the-elimination-model/,False,fr,translation-and-review-required,1320,84,.playwright-mcp/publications-source/Publications family clinic/D Maladies par troubles de l_élimination/D03 Les bronches et les pathologies d’élimination/D03 Les bronches et les pathologies d’élimination-word.docx,.playwright-mcp/publications-source/Publications family clinic/D Maladies par troubles de l_élimination/D03 Les bronches et les pathologies d’élimination/D03 Les bronches et les pathologies d’élimination-vignette.docx,.playwright-mcp/publications-source/Publications family clinic/D Maladies par troubles de l_élimination/D03 Les bronches et les pathologies d’élimination/D03 Les bronches et les pathologies d’élimination-image.png,4364638,2acfe1f79f14b29e224b29c33a821592dae09a6e8d882a6459dbb97fb077f070,0,False
D04,D,La peau et la pathologie d’élimination,Skin conditions and the elimination model,skin-conditions-and-the-elimination-model,/publications/skin-conditions-and-the-elimination-model/,False,fr,translation-and-review-required,2133,101,.playwright-mcp/publications-source/Publications family clinic/D Maladies par troubles de l_élimination/D04 La peau et la pathologie d’élimination /D04 La peau et la pathologie d’élimination -word.docx,.playwright-mcp/publications-source/Publications family clinic/D Maladies par troubles de l_élimination/D04 La peau et la pathologie d’élimination /D04 La peau et la pathologie d’élimination-vignette.docx,.playwright-mcp/publications-source/Publications family clinic/D Maladies par troubles de l_élimination/D04 La peau et la pathologie d’élimination /D04 La peau et la pathologie d’élimination-image.png,4688734,b467e0c4abcb7b7414c0ff0ba170b623412cd8c5da92ebba8cd37b0fe026c8f3,0,True
D05,D,Les maladies de mécanismes complexes,Conditions involving multiple mechanisms,conditions-involving-multiple-mechanisms,/publications/conditions-involving-multiple-mechanisms/,False,fr,translation-and-review-required,1103,100,.playwright-mcp/publications-source/Publications family clinic/D Maladies par troubles de l_élimination/D05 Les maladies de mécanismes complexes/D05 Les maladies de mécanismes complexes-word.docx,.playwright-mcp/publications-source/Publications family clinic/D Maladies par troubles de l_élimination/D05 Les maladies de mécanismes complexes/D05 Les maladies de mécanismes complexes-vignette.docx,.playwright-mcp/publications-source/Publications family clinic/D Maladies par troubles de l_élimination/D05 Les maladies de mécanismes complexes/D05 Les maladies de mécanismes complexes-image.png,4935052,11a73d2da4cc91de4ea74590bf0f2aeb68a3e8811fd35a622ec1b42b6d859080,0,False
D06,D,Autres pathologies d’élimination,Other conditions in the elimination model,other-conditions-in-the-elimination-model,/publications/other-conditions-in-the-elimination-model/,False,fr,translation-and-review-required,1088,74,.playwright-mcp/publications-source/Publications family clinic/D Maladies par troubles de l_élimination/D06 Autres pathologies de l_élimination/D06 Autres pathologies de l_élimination-word.docx,.playwright-mcp/publications-source/Publications family clinic/D Maladies par troubles de l_élimination/D06 Autres pathologies de l_élimination/D06 Autres pathologies de l_élimination-vignette.docx,.playwright-mcp/publications-source/Publications family clinic/D Maladies par troubles de l_élimination/D06 Autres pathologies de l_élimination/D06 Autres pathologies de l_élimination-image.png,4674928,ea21c455d665c22b4c9c3acc4067a77b5fb60938a1cabe8dc12d146b3e91b39f,0,False
